item_id,name,catalog_code,description,photo,manual_link,serial
cpu-cabinet,CPU Cabinet,,,,,
monitor,Monitor,,,,,
keyboard,Keyboard,,,,,
mouse,Mouse,,,,,
cosco-fitness-bicycle-ergometer-without-display,Cosco fitness bicycle ergometer without display,,,,,
finger-plethysmography-digital,Finger plethysmography digital,,,,,
three-channel-physiograph-with-tft-display,Three channel physiograph with TFT display,,,,,
cardiorespiratory-student-with-ecg,Cardiorespiratory Student with ECG,,,,,
ecg-electrodes-with-treadmill-controller,ECG electrodes with Treadmill controller,,,,,
passive-avoidance-response-test-apparatus,Passive avoidance response test apparatus,,,,,
weighing-scale,Weighing scale,,,,,
venous-pressure-apparatus,Venous pressure apparatus,,,,,
oxygen-fine-adjustment-valve,Oxygen fine adjustment valve,,,,,
step-down-transformer,Step down transformer,,,,,
automatic-cut-off-unit,Automatic cut off unit,,,,,
battery-eliminator,Battery eliminator,,,,,
digital-metronome,Digital metronome,,,,,
digital-student-stimulator,Digital student stimulator,,,,,
physiograph-accessories-1,Physiograph Accessories 1,,,,,
physiograph-accessories-2,Physiograph Accessories 2,,,,,
physiograph-accessories-3,Physiograph Accessories 3,,,,,
pc-based-pft-accessories,PC based PFT Accessories,,,,,
physiograph-accessories-4,Physiograph Accessories 4,,,,,
skull-with-brain-model,Skull with Brain model,,,,,
only-brain-model,Only brain model,,,,,
skin-model,Skin model,,,,,
heart-big-model,Heart big model,,,,,
eyeball-model,Eyeball model,,,,,
big-kidney-model,Big kidney model,,,,,
small-kidney-model,Small kidney model,,,,,
liver-model,Liver model,,,,,
artery-model,Artery model,,,,,
extraocular-muscles-model,Extraocular muscles model,,,,,
lungs-model,Lungs model,,,,,
ear-model,Ear model,,,,,
nose-and-pharynx-model,Nose and pharynx model,,,,,
edridge-green-lantern,Edridge Green Lantern,,,,,
sterilizer,Sterilizer,,,,,
digital-ph-meter,Digital pH meter,,,,,
digital-photo-colorimeter,Digital photo colorimeter,,,,,
micro-centrifuge,Micro centrifuge,,,,,
corrugated-oxygen-tube-oxygen-kit,Corrugated Oxygen tube / oxygen kit,,,,,
double-gauge-regulator,Double gauge regulator,,,,,
olfactometer,Olfactometer,,,,,
portable-bicycle-ergometer-with-display,Portable Bicycle ergometer with display,,,,,
maddox-wing-test,Maddox wing test,,,,,
van-slyke-apparatus,Van slyke apparatus,,,,,
gas-analysis-apparatus,Gas analysis apparatus,,,,,
oxygen-stand,Oxygen stand,,,,,
metal-stand,Metal stand,,,,,
single-channel-physiograph-with-tft-display,Single channel physiograph with TFT display,,,,,
digital-algometer,Digital Algometer,,,,,
otoscope-plus-ophthalmoscope-set,Otoscope plus Ophthalmoscope set,,,,,
laryngoscope-set,Laryngoscope set,,,,,
laptop,Laptop,,,,,
pl15t02-powerlab-15t-teaching-system,"PowerLab 15T, Teaching System",PL15T02,,,,
power-cable,Power cable,,,,,
mla2540-5-lead-shielded-bio-amp-cable,5 Lead shielded bio amp cable,MLA2540,,,,
mla2505-shielded-lead-wires-5-snap-on,Shielded Lead Wires (5 snap on),MLA2505,,,,
mlac25-din-8-plug-to-bnc-cable-2m,DIN 8 plug to BNC cable (2m),MLAC25,,,,
mlc405-usb-2-0-cable,USB 2.0 cable,MLC405,,,,
tn1012-st-pulse-transducer,Pulse transducer,TN1012/ST,,,,
mladdf30-stimulating-bar-electrode,Stimulating bar electrode,MLADDF30,,,,
mlaydg-dry-earth-strap,Dry earth strap,MLAYDG,,,,
mlt201-cardio-microphone,Cardio microphone,MLT201,,,,
tn1132-st-respiratory-belt,Respiratory belt,TN1132/ST,,,,
mla93-d-tendon-hammer-din,Tendon hammer (DIN),MLA93/D,,,,
mlt1102-d-sphygmomanometer-with-3-cuffs-din,Sphygmomanometer with 3 cuffs (DIN),MLT1102/D,,,,
mla92-d-push-button-switch,Push button switch,MLA92/D,,,,
mlt004-st-grip-force-transducer,Grip force transducer,MLT004/ST,,,,
t34-transmitter,T34 transmitter,,,,,
strap-s-size,Strap S size,,,,,
strap-m-size,Strap M size,,,,,
strap-l-size,Strap L size,,,,,
ml206-gas-analyzer,Gas analyzer,ML206,,,,
mlac01-bnc-to-bnc-cable-1m,BNC to BNC cable (1m),MLAC01,,,,
mlac02-db9m-db9f-cable-350mm-bnc-and-bnc,DB9M-DB9F cable (350mm) (BNC and BNC),MLAC02,,,,
mla0343-drying-tube,Drying tube,MLA0343,,,,
mla0110-in-line-filters-10-pack,In line filters (10/pack),MLA0110,,,,
pl2604-powerlab-4-26-4-channel-recorder,"PowerLab 4/26, 4 channel recorder",PL2604,,,,
mls260-8-labchart-pro-modules,LabChart Pro modules,MLS260/8,,,,
mla246-gas-mixing-chamber,Gas mixing chamber,MLA246,,,,
fe141-spirometer,Spirometer,FE141,,,,
mlt1000l-respiratory-flow-head-1000l,Respiratory flow head 1000L,MLT1000L,,,,
mla1081-flow-head-adapter,Flow head adapter,MLA1081,,,,
mla1013-tubing-adapter-35mm-id,Tubing adapter (35mm ID),MLA1013,,,,
mla1015-breathing-tube,Breathing tube,MLA1015,,,,
mla6024-desiccant-cartridge,Desiccant cartridge,MLA6024,,,,
mls240-8-metabolic-module-v8-win-and-mac,Metabolic module v8 (win and mac),MLS240/8,,,,
tubing-extension-male-male-leur-locks-300-mm,"Tubing, extension, male/male, leur locks, 300 mm",,,,,
mla1028-face-mask,Face mask,MLA1028,,,,
sp0141-adult-face-mask-sm-no-y-shape-valve-or-head-gear,"Adult face mask (sm, no y shape valve or head gear)",SP0141,,,,
paediatric-cuff,Paediatric cuff,,,,,
mlt1100-d-sphygmomanometer-transducers,Sphygmomanometer transducers,MLT1100/D,,,,
mlac25-bnc-to-bnc-cable,BNC to BNC cable,MLAC25,,,,
stimulating-electrode,Stimulating electrode,,,,,
usb-cable,USB cable,,,,,
manuals-and-info-cards,Manuals and info cards,,,,,
polygraph,Polygraph,,,,,
phakoscope,Phakoscope,,,,,
hand-grip-dynamometer,Hand grip dynamometer,,,,,
water-distillation-unit-steel,Water distillation unit (steel),,,,,
spare-heating-elements-for-water-distillation-unit,Spare heating elements (for water distillation unit),,,,,
oxygen-cylinder,Oxygen cylinder,,,,,
mla1029-face-mask-kit-adult-small-and-medium-mask,Face mask kit (adult small and medium mask),MLA1029,,,,
sp0180-polar-transmitter-with-chest-straps,Polar transmitter with chest straps,SP0180,,,,
mlac35-st-polar-receiver-interface-cable-3m,Polar receiver interface cable (3m),MLAC35/ST,,,,