location_id,item_id,qty
desktop-pc,cpu-cabinet,1
desktop-pc,monitor,1
desktop-pc,keyboard,1
desktop-pc,mouse,1
inner-room,cosco-fitness-bicycle-ergometer-without-display,1
inner-room,finger-plethysmography-digital,5
inner-room,three-channel-physiograph-with-tft-display,2
inner-room,cardiorespiratory-student-with-ecg,1
inner-room,ecg-electrodes-with-treadmill-controller,1
inner-room,cpu-cabinet,1
inner-room,monitor,2
inner-room,keyboard,1
inner-room,passive-avoidance-response-test-apparatus,1
cabinet-1,weighing-scale,1
cabinet-1,venous-pressure-apparatus,2
cabinet-1,oxygen-fine-adjustment-valve,1
cabinet-2,step-down-transformer,1
cabinet-2,automatic-cut-off-unit,1
cabinet-2,battery-eliminator,1
cabinet-2,digital-metronome,3
cabinet-2,digital-student-stimulator,1
cabinet-2,physiograph-accessories-1,7
cabinet-2,physiograph-accessories-2,7
cabinet-2,physiograph-accessories-3,4
cabinet-2,pc-based-pft-accessories,3
cabinet-3,physiograph-accessories-1,1
cabinet-3,physiograph-accessories-2,1
cabinet-3,physiograph-accessories-3,1
cabinet-3,physiograph-accessories-4,1
cabinet-3,pc-based-pft-accessories,1
cabinet-4,skull-with-brain-model,1
cabinet-4,only-brain-model,1
cabinet-4,skin-model,1
cabinet-4,heart-big-model,1
cabinet-4,eyeball-model,2
cabinet-4,big-kidney-model,1
cabinet-4,small-kidney-model,1
cabinet-4,liver-model,1
cabinet-4,artery-model,1
cabinet-4,extraocular-muscles-model,1
cabinet-4,lungs-model,1
cabinet-4,ear-model,1
cabinet-4,nose-and-pharynx-model,1
cabinet-7,edridge-green-lantern,2
cabinet-7,sterilizer,1
cabinet-7,digital-ph-meter,1
cabinet-7,digital-photo-colorimeter,1
cabinet-8,micro-centrifuge,1
cabinet-8,corrugated-oxygen-tube-oxygen-kit,1
cabinet-8,double-gauge-regulator,1
cabinet-8,olfactometer,1
cabinet-8,portable-bicycle-ergometer-with-display,1
cabinet-8,maddox-wing-test,1
department-store,van-slyke-apparatus,1
department-store,gas-analysis-apparatus,1
department-store,oxygen-stand,1
department-store,metal-stand,1
human-lab,single-channel-physiograph-with-tft-display,6
human-lab,digital-algometer,20
hod-room,otoscope-plus-ophthalmoscope-set,2
hod-room,laryngoscope-set,1
hod-room,laptop,1
ad-instruments-box,pl15t02-powerlab-15t-teaching-system,3
ad-instruments-box,power-cable,5
ad-instruments-box,mla2540-5-lead-shielded-bio-amp-cable,3
ad-instruments-box,mla2505-shielded-lead-wires-5-snap-on,3
ad-instruments-box,mlac25-din-8-plug-to-bnc-cable-2m,2
ad-instruments-box,mlc405-usb-2-0-cable,3
ad-instruments-box,tn1012-st-pulse-transducer,4
ad-instruments-box,mladdf30-stimulating-bar-electrode,2
ad-instruments-box,mlaydg-dry-earth-strap,1
ad-instruments-box,mlt201-cardio-microphone,4
ad-instruments-box,tn1132-st-respiratory-belt,4
ad-instruments-box,mla93-d-tendon-hammer-din,1
ad-instruments-box,mlt1102-d-sphygmomanometer-with-3-cuffs-din,1
ad-instruments-box,mla92-d-push-button-switch,4
ad-instruments-box,mlt004-st-grip-force-transducer,4
ad-instruments-box,t34-transmitter,1
ad-instruments-box,strap-s-size,1
ad-instruments-box,strap-m-size,1
ad-instruments-box,strap-l-size,1
ad-instruments-box,ml206-gas-analyzer,1
ad-instruments-box,mlac01-bnc-to-bnc-cable-1m,4
ad-instruments-box,mlac02-db9m-db9f-cable-350mm-bnc-and-bnc,1
ad-instruments-box,mla0343-drying-tube,1
ad-instruments-box,mla0110-in-line-filters-10-pack,1
ad-instruments-box,pl2604-powerlab-4-26-4-channel-recorder,1
ad-instruments-box,mls260-8-labchart-pro-modules,1
ad-instruments-box,mla246-gas-mixing-chamber,1
ad-instruments-box,fe141-spirometer,1
ad-instruments-box,mlt1000l-respiratory-flow-head-1000l,1
ad-instruments-box,mla1081-flow-head-adapter,1
ad-instruments-box,mla1013-tubing-adapter-35mm-id,1
ad-instruments-box,mla1015-breathing-tube,1
ad-instruments-box,mla6024-desiccant-cartridge,1
ad-instruments-box,mls240-8-metabolic-module-v8-win-and-mac,1
ad-instruments-box,tubing-extension-male-male-leur-locks-300-mm,2
ad-instruments-box,mla1028-face-mask,1
ad-instruments-box,sp0141-adult-face-mask-sm-no-y-shape-valve-or-head-gear,1
ad-instruments-box,paediatric-cuff,2
ad-instruments-box,mlt1100-d-sphygmomanometer-transducers,3
ad-instruments-box,mlac25-bnc-to-bnc-cable,2
ad-instruments-box,stimulating-electrode,1
ad-instruments-box,usb-cable,1
ad-instruments-box,manuals-and-info-cards,1
missing,polygraph,1
missing,phakoscope,1
missing,hand-grip-dynamometer,2
missing,water-distillation-unit-steel,1
missing,spare-heating-elements-for-water-distillation-unit,1
missing,oxygen-cylinder,1
missing-ad-instruments,mla1029-face-mask-kit-adult-small-and-medium-mask,1
missing-ad-instruments,ml206-gas-analyzer,1
missing-ad-instruments,sp0180-polar-transmitter-with-chest-straps,1
missing-ad-instruments,mlac35-st-polar-receiver-interface-cable-3m,1
